# 20180928

## Install mysql connector

`pip3 install mysql-connector`

# 20180926

## Ports
[Here](https://en.wikipedia.org/wiki/Port_(computer_networking)#Common_port_numbers) is a list of common port numbers

| Port | Standard usage |
| :-- | :-- |
| 3306 | Standard database port |
| 8000 | Web server |
| 22 | |


SSH/HTTP: 22



## Databases

## Structure

* Schema
    * Tables
        * Columns
            * Data type
                * int
                * char
                * ...
            * Primary keys
            * Foreign keys
        * Rows / Records / Observations

### Example: University

#### Tables

##### Student

| | | |
| :-- | :-- | :-- |
| _id | name_first | name_last |
| 001 | Rasmus | Groth |
| 002 | Martin | Breuss |


##### Courses

| | | | |
| :-- | :-- | :-- | :-- |
| _id | name | date_start | date_end |
| 001 | Python + Django + AWS | 20190207 | 20190419 |
| 002 | Javascript + React Native + Redux | 20190207 | 20190419 |


##### Facilities

| | | | |
| :-- | :-- | :-- | :-- |
| _id | name | latitude | longtitude |
| 001 | Betahaus Barcelona | 41.387920 | 2.169920 |
| 002 | Betahaus Berlin | 52.523430 | 13.411440 |
| 003 | Betahaus Hamburg | 53.553840 | 9.991650 |

##### Subtable - contact details

| __student_id | email | type |
| :-- | :-- | :-- |
| 001 | a_first_email@email.com | private |
| 001 | a_second_email@email.com | work |
| 002 | a_third_email@email.com | private |

##### Lookup - course_facility

| __course_id | __facility_id |
| :-- | :-- |
| 001 | 002 |
| 002 | 003 |

##### Lookup - course_student

| __student_id | __course_id |
| :-- | :-- |
| 001 | 001 |
| 001 | 002 |



### Database clients
MySQL Workbench - GUI


#### MySQL Client

Set the `PATH `to mysql in .bash_profile:

`export PATH=/usr/local/mysql-8.0.12-macos10.13-x86_64/bin:$PATH`

| command | description |
| :-- | :-- |
| mysql -u root -p | open mysql AS user root with password |

#### SQL Statements
| Statement | Description|
| :-- | :-- |
| SHOW DATABASES; | Show all databases |
| CREATE DATABASE first_db; | |
| USE first_db | Changes database to first_db |
| SHOW TABLES | Show tables in active datbase |
| DROP database first_db; | Drops (delete) |
| CREATE DATABASE university; | |
| DESCRIBE my_table; | pretty print the table my_table in the databas in USE |
| DESCRIBE first_db.my_table; | pretty print the table my_table in the databas first_db |

##### Create table

```sql
CREATE TABLE students (
    id INT NOT NULL AUTO_INCREMENT,
    first_name VARCHAR(50) NOT NULL,
    last_name VARCHAR(50) NOT NULL,
    PRIMARY KEY (id)
    );
```

##### Create a new record

```sql
INSERT INTO students
    (first_name, last_name)
    VALUES
    ("josh", "smith"),("jake", "john");
```

##### Make a query

```sql
SELECT first_name, last_name FROM students;

```

##### Select AS
```sql
SELECT first_name AS first, last_name AS last FROM students;
```
Output
```
+-------+-------+
| first | last  |
+-------+-------+
| josh  | smith |
| jake  | john  |
+-------+-------+
```

##### Select / order
```sql
SELECT * FROM students ORDER BY first_name asc;
```

```
+----+------------+-----------+
| id | first_name | last_name |
+----+------------+-----------+
|  2 | jake       | john      |
|  1 | josh       | smith     |
+----+------------+-----------+
2 rows in set (0.00 sec)
```

##### Join

```sql
SELECT students.f_name, students.l_name, majors.name
FROM students
JOIN students_majors
ON students.id = students_majors.student_id
JOIN majors
ON students_majors.major_id = majors.id;

```
Result:
```
+----------+----------+------------------+
| f_name   | l_name   | name             |
+----------+----------+------------------+
| Peter    | Jackson  | Computer Science |
| Peter    | Jackson  | Management       |
| Ian      | Stewart  | Nursing          |
| Duffy    | Higgins  | Kinesiology      |
| Peter    | Frampton | Liberal Arts     |
| Benito   | Camelo   | Nursing          |
| Sumtin   | Wong     | Management       |
| Sumtin   | Wong     | Computer Science |
| Michael  | SchwartZ | Kinesiology      |
| Casimiro | Nada     | Liberal Arts     |
| Kevin    | Neag     | Computer Science |
+----------+----------+------------------+
11 rows in set (0.00 sec)
```
Again - harder:
```sql
SELECT t.f_name, t.l_name, t.isTenured,  c.name, r.building_id
FROM teachers AS t
JOIN teachers_courses AS tc
ON t.id = tc.teacher_id
JOIN courses AS c
ON c.id  = tc.course_id
JOIN courses_rooms AS cr
ON c.id = cr.course_id
JOIN rooms AS r
ON cr.room_id = r.id
```
Result:

```
+--------+----------+-----------+----------------+-------------+
| f_name | l_name   | isTenured | name           | building_id |
+--------+----------+-----------+----------------+-------------+
| Jose   | Martinez |         0 | Physics        |           1 |
| Donald | Duck     |         0 | Chemistry      |           2 |
| Jeff   | Goldblum |         1 | Poetry         |           3 |
| Hulk   | Hogan    |         0 | Basket Weaving |           1 |
| Ryan   | Desmond  |         1 | Linear Algebra |           2 |
+--------+----------+-----------+----------------+-------------+
5 rows in set (0.00 sec)
```

Harder yet:
```sql
SELECT c.name AS course_name, r.capacity, b.name, COUNT(s.id) AS count_of_students
FROM students AS s
JOIN students_courses AS sc
ON s.id = sc.student_id
JOIN courses AS c
ON c.id = sc.course_id
JOIN courses_rooms AS cr
ON cr.course_id = c.id
JOIN rooms AS r
ON r.id = cr.room_id
JOIN building AS b
ON r.building_id = b.id
GROUP BY course_name, r.capacity, b.name
HAVING COUNT(s.id) > r.capacity
ORDER BY course_name;
```

Much harder:

```sql

SELECT my.first_name, my.last_name, SUM(my.length) as my_sum

 FROM

 (SELECT a.first_name, a.last_name, a.actor_id, f.title, f.description, f.length, f.release_year, c.name
 FROM sakila.actor as a
 JOIN sakila.film_actor as fa
 ON a.actor_id = fa.actor_id
 JOIN sakila.film as f
 ON f.film_id = fa.film_id
 JOIN sakila.film_category as fc
 ON f.film_id = fc.film_id
 JOIN sakila.category as c
 ON c.category_id = fc.category_id) as my

 GROUP BY my.first_name, my.last_name, my.actor_id

 ORDER BY my_sum desc
```

Result:
```
+----------------+----------+--------------------------+-------------------+
| course_name    | capacity | name                     | count_of_students |
+----------------+----------+--------------------------+-------------------+
| Basket Weaving |        2 | Einstein Hall of Physics |                 5 |
+----------------+----------+--------------------------+-------------------+
1 row in set (0.00 sec)
```


## Import database schema

`mysql -u root -p <schema_name> < <path><sqlfile>`

Example:

`mysql -u root -p university < /Users/rg/Downloads/my_sql_file.sql`

## Export database schema

`mysqldump -u root -p <schema_name> > <path>`

Example:

`mysqldump -u root -p university > /Users/rg/Downloads/`

